<?xml version="1.0" encoding="UTF-8"?>
<!DOCTYPE suite SYSTEM "https://testng.org/testng-1.0.dtd">

<suite name="Suite">
	<listeners>
		<listener class-name="utilityMethods.ExtentReportManager"></listener>
	</listeners>
	
  <test thread-count="5" name="Test1" >
	<parameter name="browser" value="chrome"></parameter>
    <classes>
      <class name="testCases.BaseTest"/>
      <class name="testCases.BeCognizant"/>
      <class name="testCases.OneCognizant"/>
      <class name="testCases.TruTime"/>
    </classes>
  </test> <!-- Test -->
  
  	 
   <test thread-count="5" name="Test2">
	<parameter name="browser" value="edge"></parameter>
    <classes>
      <class name="testCases.BaseTest"/>
      <class name="testCases.BeCognizant"/>
      <class name="testCases.OneCognizant"/>
      <class name="testCases.TruTime"/>
    </classes>
  </test> <!--Test -->
  
</suite> <!-- Suite -->
